AIQ_HHID,AIQ_INDID,PERSON_FIRST_NAME,PERSON_LAST_NAME,PERSON_SURNAME_SUFFIX,PRIMARY_ADDRESS,SECONDARY_ADDRESS,CITY,STATE,ZIP5,ZIP4,PHONE,EM_EMAIL,EM_EMAIL_2,EM_EMAIL_3,EM_EMAIL_4,EM_EMAIL_5,EM_EMAIL_6,EM_EMAIL_7,EM_EMAIL_8,EM_EMAIL_9,EM_EMAIL_10,AIQ_HOME_AGE,HOME_AGE_Z4,HOMEVALUEIQ,HOMEVALUEIQ_Z4,HOMEVALUEIQ_EQUITY,HOMEVALUEIQ_EQUITY_Z4,AIQ_DWELLING,DWELLINGTYPE_Z4,AIQ_HOMEOWNER_PROB_V2,HOMEOWNER_PCT_Z4,AFFORDABILITY_INDEX_SCF,AFFORDABILITY_INDEX_SCF_Z4,AFFORDABILITY_INDEX,AFFORDABILITY_INDEX_Z4,PREMOVER_V2,PREMOVER_V2_Z4,AUTO_AGE,AUTO_AGE_Z4,AUTO_AVG_MILEAGE,AUTO_AVG_MILEAGE_Z4,NUMBER_OF_AUTOS,NUMBER_OF_AUTOS_Z4,AUTO_FAMILY_SHARED,INMARKET_ALDI,INMARKET_ALDI_Z4,DISTANCEIQ_ALDI,INMARKET_BILO_WINNDIXIE,INMARKET_BILO_WINNDIXIE_Z4,DISTANCEIQ_COSTCO,INMARKET_COSTCO,INMARKET_COSTCO_Z4,INMARKET_H_E_B,INMARKET_H_E_B_Z4,INMARKET_KROGER,INMARKET_KROGER_Z4,DISTANCEIQ_KROGER,INMARKET_MEIJER,INMARKET_MEIJER_Z4,INMARKET_PUBLIX,INMARKET_PUBLIX_Z4,DISTANCEIQ_PUBLIX,INMARKET_SAFEWAY,INMARKET_SAFEWAY_Z4,DISTANCEIQ_SAFEWAY,INMARKET_SAMSCLUB,INMARKET_SAMSCLUB_Z4,DISTANCEIQ_SAMS,INMARKET_SPROUTS,INMARKET_SPROUTS_Z4,DISTANCEIQ_SPROUTS,INMARKET_TRADERJOES,INMARKET_TRADERJOES_Z4,DISTANCEIQ_TRADERJOE,INMARKET_WHOLE_FOODS,INMARKET_WHOLE_FOODS_Z4,LT_FOOD_DELIVERY_SERVICE_V2,LT_FOOD_DELIVERY_SERVICE_V2_Z4,GROCERY_FARMERS_MKT,GROCERY_FARMERS_MKT_Z4,GROCERY_ORGANIC,GROCERY_ORGANIC_Z4,GROCERY_TRIPS,GROCERY_TRIPS_Z4,HW_BMI,HW_BMI_Z4,HW_DIET,HW_DIET_Z4,DIET_CAGEFREE_EGGS,DIET_CAGEFREE_EGGS_Z4,DIET_FAKE_MEAT_ALT,DIET_FAKE_MEAT_ALT_Z4,DIET_FREERANGE_CHICKEN,DIET_FREERANGE_CHICKEN_Z4,DIET_GRASSFED_BEEF,DIET_GRASSFED_BEEF_Z4,DIET_VEGETARIAN,DIET_VEGETARIAN_Z4,HW_JUNK_DIET,HW_JUNK_DIET_Z4,DIET_VEGAN,OS_RISKTAKING_FIN,OS_RISKTAKING_FIN_Z4,HW_JOB_SATIS,HW_JOB_SATIS_Z4,OS_EPFI,OS_EPFI_Z4,OS_FIN_PLANNING,OS_FIN_PLANNING_Z4,OS_FIN_IMPCONTROL,OS_FIN_IMPCONTROL_Z4,OS_FIN_IMP,OS_FIN_IMP_Z4,OS_FIN_MOTIVATION,OS_FIN_MOTIVATION_Z4,OS_FIN_ORGANIZATION,OS_FIN_ORGANIZATION_Z4,SPENDEX_PLUS_V2,SPENDEX_PLUS_V2_Z4,INVESTORIQ_PLUS_V4,INVESTORIQ_PLUS_V4_Z4,LT_INVEST_ACTIVE_V2,INVEST_ACTIVE,INVEST_ACTIVE_Z4,LT_INVEST_REAL_ESTATE_V2,INVEST_REAL_ESTATE,INVEST_REAL_ESTATE_Z4,INCOMEIQ_PLUS_V3,INCOMEIQ_PLUS_V3_Z4,WEALTHIQ_PLUS_V4,WEALTHIQ_PLUS_V4_Z4,LT_INVESTMENTS_V2,INVESTMENTS,INVESTMENTS_Z4,AIQ_EMPLOYMENT,AIQ_EMPLOYMENT_Z4,JOB_SEEKER,JOB_SEEKER_Z4,JOB_SEEKER_ACTIVE,JOB_SEEKER_ACTIVE_Z4,RISKIQ_PLUS,AIQ_ATP_V2,AIQ_ATP_V2_Z4,GC_BRUTIL,INVEST_FINANCE_V2,LT_INVEST_FOREIGN_V2,LT_INVEST_PERSONAL_V2,LT_INVEST_PROF_MGMT_V2,LT_INVEST_STOCKS_BONDS_V2,ASSIMILATION_CODE,HS_ASSIMILATION,HS_ASSIMILATION_Z4,HS_BILINGUAL,HS_BILINGUAL_Z4,HS_FIRST_GENERATION,HS_FIRST_GENERATION_Z4,HS_PRIMARY_LANG_SPANISH,HS_PRIMARY_LANG_SPANISH_Z4,HS_SECOND_GENERATION,HS_SECOND_GENERATION_Z4,LANGUAGE_CODE,AIQ_ADULTS_IN_HH_V2,NUMBEROFADULTS_Z4,AIQ_CHILDREN_IN_HH_V2,NUMBEROFCHILDREN_Z4,AIQ_PEOPLE_IN_HH_V2,PERSONSATRESIDENCE_Z4,COHABITATE,COHABITATE_Z4,AIQ_MARITAL_V2,MARRIAGE_CODE_Z4,LT_GRAND_PARENT,LT_GRAND_PARENT_Z4,LT_DOG_OWNER_V3,LT_DOG_OWNER_V3_Z4,LT_CAT_OWNER_V3,LT_CAT_OWNER_V3_Z4,LT_PET_OWNER_V3,LT_PET_OWNER_V3_Z4,LT_OTHER_PET_OWNER_V3,LT_OTHER_PET_OWNER_V3_Z4,GENERATIONS_IN_HH,HS_GENERATIONS_IN_HOME,HS_GENERATIONS_IN_HOME_Z4,LT_SINGLE_PARENT_V2,LT_SINGLE_PARENT_V2_Z4,LT_SENIOR_ADULT_IN_HH_V2,LT_SENIOR_ADULT_IN_HH_V2_Z4,OS_IMPULSIVE,OS_EXTROVERSION,OS_INNOVATOR,OS_INNOVATOR_Z4,OS_LAGGARD,OS_LAGGARD_Z4,YOUTUBE_CREATOR,YOUTUBE_CREATOR_Z4,TWITCH_VIEWER,TWITCH_VIEWER_Z4,SMARTPHONE_ANDROID_SCALE,SMARTPHONE_ANDROID_Z4,SMARTPHONE_IPHONE_SCALE,SMARTPHONE_IPHONE_Z4,SMARTPHONE_NONE_SCALE,SMARTPHONE_NONE_Z4,IOT_FINTECH_DIGITAL,IOT_FINTECH_DIGITAL_Z4,REGB_FINTECH_DIGITAL,REGB_FINTECH_DIGITAL_Z4,LT_HIGH_TECH_LEADER_V2,TV_STREAMING_SERVICE,TV_STREAMING_SERV_MANY,LT_HIGH_TECH_LEADER_V2_Z4,OS_RISKTAKING_HEALTH,OS_RISKTAKING_HEALTH_Z4,HW_ALCOHOL_V2,HW_ALCOHOL_V2_Z4,HW_SMOKING_CIGARS_SC,HW_SMOKING_CIGARS_SC_Z4,HW_SMOKING_HOOKAH_SC,HW_SMOKING_HOOKAH_SC_Z4,HW_SMOKING,HW_SMOKING_Z4,HW_PERSONAS,HW_ER_VISITS_SC,HW_ER_VISITS_SC_Z4,HW_URGENT_CARE_VISITS_SC,HW_URGENT_CARE_VISITS_SC_Z4,SCR_WELLNESS,SCR_WELLNESS_Z4,OS_EMOTION,OS_EMOTION_Z4,INMARKET_LTC_INS,INMARKET_LTC_INS_Z4,INS_ADAD,INS_ADAD_Z4,INS_DENTAL,INS_DENTAL_Z4,INS_HOMEOWNERS,INS_HOMEOWNERS_Z4,INS_LIFE,INS_LIFE_Z4,INS_RENTERS,INS_RENTERS_Z4,INS_SUPPLEMENTAL,INS_SUPPLEMENTAL_Z4,INS_VISION,INS_VISION_Z4,REGB_INS_AUTO_IM,REGB_INS_AUTO_IM_Z4,REGB_INS_HEALTH_IM,REGB_INS_HEALTH_IM_Z4,REGB_INS_LIFE_IM,REGB_INS_LIFE_IM_Z4,HW_PRIMARY_CARE_DOCTOR_SC,HW_PRIMARY_CARE_DOCTOR_SC_Z4,REGB_INS_EMPLOYER_AH,REGB_INS_EMPLOYER_AH_Z4,REGB_INS_MARKET_AH,REGB_INS_MARKET_AH_Z4,REGB_INS_MEDICARE_AH,REGB_INS_MEDICARE_AH_Z4,HW_PRIMARY_CARE_VISITS_SC,HW_PRIMARY_CARE_VISITS_SC_Z4,SPENDEX_PERS_INS_V2,SPENDEX_PERS_INS_V2_Z4,HW_MED_SPEC_VISITS_SC,HW_MED_SPEC_VISITS_SC_Z4,HW_MED_UTILIZATION,HW_MED_UTILIZATION_Z4,HW_SLEEP_V3,HW_SLEEP_V3_Z4,HW_STRESS_V2,HW_STRESS_V2_Z4,LT_EXERCISE,LT_EXERCISE_Z4,HW_TELEMEDICINE_SC,HW_TELEMEDICINE_SC_Z4,COVID19_VACCINE_IND,CLINICAL_STUDIES,SCF,CARRIER_ROUTE,ZIP_CARRIER_ROUTE,CARRIER_ROUTE_TYPE,CARRIER_ROUTE_TYPE_Z4,CEN_BLOCK,CEN_TRACT,COUNTY,MSA_CD,AIQ_AGE,AGE_Z4,AIQ_GENDER,GENDER_CODE_Z4,ETHNICIQ_V2,ETHNICIQ_V2_Z4,ETHNIC_CODE,ETHNIC_GROUP,HISPANIC_COUNTRY_CODE,CHILDREN_AGED_0_2,CHILDREN_AGED_3_5,CHILDREN_AGED_6_10,CHILDREN_AGED_11_15,CHILDREN_AGED_16_17,CHILDREN_F_AGED_0_2,CHILDREN_F_AGED_3_5,CHILDREN_F_AGED_6_10,CHILDREN_F_AGED_11_15,CHILDREN_F_AGED_16_17,CHILDREN_M_AGED_0_2,CHILDREN_M_AGED_3_5,CHILDREN_M_AGED_6_10,CHILDREN_M_AGED_11_15,CHILDREN_M_AGED_16_17,CHILDREN_U_AGED_0_2,CHILDREN_U_AGED_3_5,CHILDREN_U_AGED_6_10,CHILDREN_U_AGED_11_15,CHILDREN_U_AGED_16_17,AIQ_EDUCATION_V2,EDUCATION_COLL_V2_Z4,EDUCATION_GRAD_V2_Z4,EDUCATION_HS_V2_Z4,EDUCATION_LTHS_V2_Z4,HW_NEED_FOR_COGNITION,INMARKET_ONLINEEDU_V2,SPENDEX_EDUCATION_V2,LT_EDUCATION_ONLINE_V2,PROFESSIONAL_LIVING,LT_EDUCATION_DONATION_V2,LT_CAREER_IMPROVEMENT_V2
134852989,4,,,,,,Owensville,MO,65066,1237,,,,,,,,,,,,58,57,181,191,36,191,S,Single,H2,100,164,164,161,161,4,1,3,6,4,2,1,1,2,2,3,20,6,4,53,3,3,5,3,5,4,32,5,5,6,4,255,5,3,454,7,6,42,3,2,160,5,1,54,6,2,4,1,4,1,4,1,2,3,4,5,4,2,2,2,4,1,3,2,3,2,3,2,7,6,2,6,2,4,7,2,4,1,5,2,7,6,5,4,2,2,5,20001,15001,74,53,4,N,0,1,N,0,28,29,110,244,2,N,29,4,2,Y,0,N,0,26,24,31,45,N,2,5,1,1,U,1,1,1,1,1,1,1,1,1,1,E1,3,271,0,75,3,3,Yes,0,Single-Other,Single-Inf,1,6,7,3,7,4,7,6,4,3,,0,0,4,4,5,7,6,3,6,2,2,6,6,1,4,1,5,0,2,0,4,100,5,2,3,2,6,7,5,2,4,2,5,1,7,4,5,2,7,6,M1829_B2,7,7,5,2,49,41,2,4,1,1,2,3,3,2,1,4,2,5,1,1,2,6,2,2,6,3,4,3,6,5,1,6,4,5,6,2,2,4,2,6,274,206,1,5,N,75,2,6,6,2,5,1,6,2,,2,650,C002,65066C002,C,C,024,960400,Gasconade,0,28,59,Male,Male-Inf,Caucasian-Other,Caucasian-Other,T3,W,00,N,N,N,N,N,N,N,N,N,N,N,N,N,N,N,N,N,N,N,N,HS Degree,0,0,100,0,6,2,848,3,N,1,5
213699654,3,,,,,,Bronx,NY,10468,7144,,,,,,,,,,,,,,,,,,M,Multiple,R1,8,256,256,316,316,5,4,4,5,4,3,1,1,1,4,3,1,5,5,5,3,3,7,7,4,3,12,6,4,3,2,265,6,4,130,2,2,9,7,6,92,7,5,5,7,5,6,5,7,4,6,5,5,3,3,3,6,4,5,3,7,6,2,3,3,2,3,4,5,4,3,7,5,3,2,1,2,1,1,2,3,6,5,4,4,3,5,25861,11458,11,14,4,N,0,1,N,0,26,20,11,14,2,N,31,7,5,Y,80,Y,30,35,23,22,48,N,4,7,1,4,U,1,1,1,2,1,1,1,2,1,2,E1,4,254,0,100,4,4,No,0,Single-Other,Single-Known,2,4,2,2,1,2,2,2,6,5,,0,1,6,6,5,4,7,7,7,5,2,4,7,5,7,4,7,100,4,0,1,0,7,4,4,4,6,6,6,5,7,7,6,4,6,5,7,6,6,5,M3039_B1,6,6,5,4,67,30,6,4,1,1,4,3,4,3,1,1,4,3,1,1,1,2,3,4,7,5,7,7,6,5,1,3,1,1,7,7,1,2,1,3,354,164,2,3,N,50,4,4,6,5,4,2,7,7,,4,104,C012,10468C012,C,C,,023900,Bronx,5600,33,45,Male,Male-Inf,AA,AA,T6,W,00,N,Y,N,N,N,N,N,N,N,N,N,N,N,N,N,N,Y,N,N,N,Bachelor Degree,30,0,70,0,5,7,1097,5,N,1,5
230550983,2,,,,,,Ocean Springs,MS,39564,9638,,,,,,,,,,,,12,11,132,132,26,79,S,Single,H2,100,156,156,147,147,4,4,4,6,4,3,1,1,4,3,3,199,7,7,42,2,3,4,4,6,6,62,4,4,6,6,38,3,3,372,6,6,21,3,2,234,1,1,88,1,1,4,3,2,2,2,2,2,3,5,5,2,2,2,2,2,2,2,2,2,3,1,2,4,3,4,2,2,4,5,4,4,4,4,6,7,3,3,2,2,6,7,4484,5044,40,40,3,N,0,3,N,0,17,17,66,119,6,N,33,2,2,N,0,N,0,65,38,42,12,N,3,4,4,4,U,1,1,1,1,1,1,1,1,1,1,E1,2,167,0,100,2,3,No,0,Single-Other,Single-Inf,1,4,5,4,7,5,7,7,7,6,3,0,0,2,3,6,7,4,3,5,3,3,5,4,3,3,3,6,50,3,0,4,50,2,2,2,2,5,4,4,3,3,2,4,3,6,4,2,2,6,5,M4049_A2,4,4,5,4,17,21,5,6,1,1,2,2,2,2,2,4,5,5,1,1,2,5,3,3,4,4,4,3,4,3,4,6,4,4,6,6,4,5,5,6,71,80,2,4,N,0,6,6,5,4,1,1,4,3,,2,395,R003,39564R003,R,R,071,040900,Jackson,920,49,61,Male,Female-Inf,Caucasian-Other,Caucasian-Other,T3,W,00,N,N,N,Y,N,N,N,N,N,N,N,N,N,N,N,N,N,N,Y,N,HS Degree,0,0,100,0,2,3,450,3,N,3,4
308088301,1,,,,,,Bunker Hill,WV,25413,4020,,,,,,,,,,,,,33,174,166,35,92,S,Single,R1,20,143,143,133,133,6,4,1,1,6,5,1,2,2,3,4,11,7,7,13,1,1,4,3,3,3,25,3,4,7,6,80,7,7,28,3,3,26,2,3,64,1,2,35,2,3,4,4,1,2,2,3,1,1,3,4,2,3,6,5,2,2,3,3,3,3,3,2,7,7,3,6,5,2,3,2,2,1,2,2,3,5,5,3,3,3,4,30650,21043,27,45,3,N,0,4,N,0,29,33,62,137,1,N,0,4,4,N,25,N,25,50,31,37,36,N,4,6,2,2,U,1,1,1,1,1,1,1,1,1,1,E1,1,100,0,67,1,2,Yes,75,Single-Divorced,Single-Known,1,3,3,3,6,6,7,6,5,4,,0,0,4,5,4,5,6,3,6,5,2,3,5,4,4,4,6,75,2,0,5,0,3,3,4,4,5,4,4,5,6,5,6,5,5,5,4,5,6,4,,6,6,6,5,29,30,4,4,1,1,6,5,2,3,1,2,5,4,2,2,4,4,3,2,3,4,6,6,6,5,3,3,4,4,4,4,4,4,3,3,420,316,1,2,N,0,2,3,6,5,3,3,4,4,,3,254,R001,25413R001,R,R,,972101,Berkeley,8840,,47,Male,Male-Known,Caucasian-Other,Caucasian-Other,T3,W,00,N,N,N,N,N,N,N,N,N,N,N,N,N,N,N,N,N,N,N,N,HS Degree,25,0,75,0,7,2,1300,7,N,4,5
31158007,3,,,,,,Goldsboro,NC,27530,8968,,,,,,,,,,,,25,22,129,173,53,95,S,Single,H2,64,155,155,167,167,2,3,3,4,3,3,1,1,2,4,3,25,7,7,45,3,3,5,5,4,3,109,5,4,5,5,44,4,2,215,6,6,9,5,4,49,1,3,45,4,2,4,3,3,3,4,3,1,2,5,5,2,3,3,3,3,4,2,3,2,4,4,4,6,6,5,5,3,4,3,1,1,1,2,4,5,4,4,5,4,3,4,9834,13566,18,21,2,N,0,2,N,0,24,39,71,116,1,Y,39,3,3,Y,15,N,8,26,19,26,40,N,1,7,1,1,U,1,1,1,1,1,1,1,1,1,1,E1,2,177,0,207,2,4,Yes,58,Single-Other,Single-Inf,1,4,2,4,6,6,6,6,7,5,2,0,0,7,6,5,5,7,5,6,5,4,5,6,4,5,3,6,58,2,0,6,19,2,3,3,2,5,5,6,4,4,4,2,2,3,3,7,5,6,4,F1829_A2,7,7,6,4,20,20,5,5,1,1,1,3,2,2,1,2,2,4,1,1,1,3,3,4,4,4,7,6,6,5,2,4,2,2,5,5,4,3,2,5,135,201,1,3,Y,50,1,4,7,5,2,1,3,3,,5,275,R023,27530R023,R,R,018,000901,Wayne,2980,21,49,Inferred Female,Female-Inf,AA,Caucasian-Other,WL,F,00,N,N,N,Y,N,N,N,N,N,N,N,N,N,N,N,N,N,N,Y,N,HS Degree,0,0,92,8,4,5,417,7,N,3,5
323322309,2,,,,,,Letart,WV,25253,8815,,,,,,,,,,,,30,29,109,109,22,29,S,Single,H2,100,139,139,136,136,3,2,2,3,5,4,1,2,1,6,5,15,6,5,90,4,4,6,5,5,4,16,2,2,5,5,192,6,6,217,5,5,32,3,2,268,4,3,90,5,3,4,3,4,3,3,2,1,3,5,4,3,3,2,2,3,2,1,1,1,1,3,2,6,7,3,5,4,5,6,2,3,1,2,5,6,5,4,4,3,4,5,3365,5048,,,4,N,0,1,Y,50,15,15,22,29,4,Y,50,4,3,N,0,N,0,57,29,30,35,N,3,6,1,1,U,1,1,1,1,1,1,1,1,1,1,E1,3,250,0,,3,,Yes,50,Single-Other,Married-Inf,1,4,5,4,7,7,5,5,4,3,,0,0,4,3,4,6,7,4,5,4,3,5,6,4,5,4,5,50,4,0,6,50,3,2,1,1,6,6,5,5,7,5,1,1,6,5,5,3,2,3,M1829_A2,5,6,5,4,45,27,2,4,1,1,2,2,3,3,1,2,1,4,1,1,2,4,4,3,5,4,3,3,3,3,1,3,3,4,5,4,5,4,3,4,53,80,1,3,N,0,3,5,6,4,3,2,5,3,,1,252,R001,25253R001,R,R,,954802,Mason,0,24,57,Male,Male-Inf,Caucasian-Other,Caucasian-Other,T5,W,00,N,N,N,N,N,N,N,N,N,N,N,N,N,N,N,N,N,N,N,N,HS Degree,0,0,100,0,5,2,338,5,Y,1,4
326393136,1,,,,,,Lakewood,WA,98439,2434,,,,,,,,,,,,,29,,,,,M,Multiple,H2,63,173,173,201,201,5,5,2,4,2,3,1,1,2,6,5,785,2,4,8,3,3,7,7,4,5,5,6,5,4,3,1928,2,3,3,3,3,523,3,4,54,4,3,7,4,4,4,5,3,3,6,5,1,3,5,4,3,4,5,4,6,6,6,4,4,4,6,5,5,5,6,5,4,4,3,2,2,1,1,4,3,7,6,7,3,5,4,19865,8998,14,15,2,N,0,1,N,0,24,19,14,15,1,N,0,5,5,N,0,N,25,17,14,13,62,N,1,7,1,1,U,1,1,1,1,1,1,1,1,1,1,E1,1,125,1,100,2,3,Yes,25,Single-Other,Single-Known,1,3,3,2,6,4,5,4,7,5,2,0,0,7,7,2,4,7,5,4,4,4,4,4,4,4,3,7,100,3,0,7,13,4,3,5,5,4,5,4,4,6,6,1,2,5,4,6,6,7,6,F3039_B2,7,7,7,4,3,12,1,2,1,1,3,3,3,3,1,1,2,2,1,3,2,3,5,4,5,7,5,7,6,7,2,2,3,1,6,7,6,3,2,3,272,130,2,3,Y,50,1,3,7,6,3,2,4,5,,2,984,C033,98439C033,C,C,,072000,Pierce,8200,39,55,Female,Female-Inf,Caucasian-Other,Caucasian-Other,T6,W,00,N,N,N,N,N,N,N,N,N,N,N,N,N,N,N,N,N,N,N,N,HS Degree,63,0,38,0,4,4,842,5,N,3,4
331247759,2,,,,,,Ashland,MS,38603,7153,,,,,,,,,,,,,,,,,,S,Single,U,100,157,157,156,156,4,4,5,4,5,5,1,1,6,6,5,32,6,6,39,2,2,4,4,1,2,29,6,6,7,7,84,2,2,442,6,6,40,3,2,37,1,1,40,3,4,4,5,2,3,2,3,1,2,5,5,2,3,2,3,3,4,3,3,2,2,2,4,3,4,6,1,3,2,2,3,3,1,1,4,5,4,5,4,5,4,4,10199,12749,25,25,3,N,0,2,N,0,24,24,25,25,1,N,0,4,5,N,0,N,0,53,30,30,33,N,2,5,2,1,U,1,1,1,1,1,1,1,1,1,1,E1,2,167,0,,2,,No - Married,50,Married Now,Married-Inf,4,3,3,3,4,4,3,4,4,5,,0,0,5,6,5,5,4,7,4,4,4,4,4,4,3,3,6,100,3,0,3,0,4,4,4,4,3,5,4,4,5,5,1,2,2,3,3,4,7,6,F5059_B1,7,7,6,6,5,5,4,3,1,1,6,5,3,3,1,1,4,5,2,3,3,2,5,6,2,3,4,5,5,5,4,4,1,1,3,4,4,3,5,4,140,175,4,4,Y,100,5,4,7,7,1,1,5,5,,6,386,R001,38603R001,R,R,,,Benton,0,50,48,Female,Female-Inf,AA,AA,T3,W,00,N,N,N,N,N,N,N,N,N,N,N,N,N,N,N,N,N,N,N,N,Less Than HS,50,0,0,50,3,5,432,5,N,4,4
336853689,1,,,,,,Parkersburg,WV,26101,5223,,,,,,,,,,,,,,105,105,63,63,S,Single,H2,100,155,155,162,162,2,2,4,4,2,2,1,1,4,6,6,4,2,2,91,1,1,3,3,3,3,1,4,4,4,4,212,2,2,199,2,2,3,2,2,252,3,3,91,3,3,3,3,2,2,3,3,3,3,4,4,5,5,3,3,6,6,3,3,3,3,4,4,7,7,5,5,5,3,3,1,1,2,2,5,5,4,4,5,5,3,3,3283,3283,15,15,2,N,0,2,N,0,13,13,78,78,1,N,0,4,4,N,0,N,0,22,15,15,43,N,1,7,1,1,U,1,1,1,1,1,1,1,1,1,1,E1,1,100,0,,1,,No,0,Single-Other,Single-Known,1,1,2,2,6,6,4,4,3,3,,0,0,7,7,2,2,6,4,4,4,4,4,4,4,1,1,6,100,3,0,5,0,1,1,4,4,3,3,4,3,5,5,2,2,4,4,5,5,6,6,,7,7,5,5,1,1,1,1,1,1,4,4,2,2,1,1,2,2,1,1,4,4,3,3,6,6,6,6,4,4,4,4,2,2,5,5,2,2,6,6,52,52,2,2,Y,100,4,4,7,7,1,1,3,3,,3,261,C036,26101C036,C,C,008,000701,Wood,6020,,,Female,Female-Known,Caucasian-Other,Caucasian-Other,T3,W,00,N,N,N,N,N,N,N,N,N,N,N,N,N,N,N,N,N,N,N,N,HS Degree,0,0,100,0,3,4,330,6,N,4,3
339083058,2,,,,,,Lufkin,TX,75901,4864,,,,,,,,,,,,77,77,181,217,157,149,S,Single,H1,70,163,163,167,167,3,5,4,3,2,4,1,1,4,2,3,66,5,5,89,4,4,7,7,3,4,20,3,5,5,6,389,2,3,93,4,6,2,4,6,99,2,4,94,2,3,3,4,2,4,4,4,5,4,5,3,4,4,4,3,6,5,4,3,3,3,4,3,5,6,6,1,4,1,3,3,3,3,3,6,3,4,5,4,4,4,4,888,6250,13,17,1,N,0,2,N,0,25,37,170,166,1,N,0,3,4,N,33,N,44,25,25,27,29,N,1,7,1,1,A,2,3,3,3,3,2,4,3,3,4,E1,2,140,0,100,2,3,Yes,56,Single-Other,Single-Inf,6,3,6,5,2,3,5,5,7,6,3,2,2,6,4,6,5,3,6,4,6,5,4,3,4,2,4,6,78,5,22,2,0,1,4,4,4,3,3,4,5,5,5,1,3,3,5,5,6,6,6,F6069_B2,6,6,6,5,31,51,2,3,1,1,2,2,2,2,2,2,1,2,1,1,3,3,3,3,4,4,7,6,5,5,5,3,1,1,6,5,2,3,3,2,12,111,5,4,Y,44,2,3,5,5,4,5,3,4,,4,759,C017,75901C017,C,C,018,000800,Angelina,0,62,56,Female,Male-Inf,Hispanic,Hispanic,T9,Y,HM,N,N,N,N,Y,N,N,N,N,N,N,N,N,N,N,N,N,N,N,Y,Less Than HS,0,0,78,22,3,3,38,3,N,3,4
357530784,3,,,,,,Shreveport,LA,71109,2116,,,,,,,,,,,,,,124,121,76,78,S,Single,H1,86,148,148,162,162,2,2,2,3,4,3,1,1,4,7,6,58,4,5,156,2,2,4,5,4,5,5,3,3,3,3,354,2,4,159,4,4,6,3,3,164,3,3,172,5,5,5,3,6,4,3,3,2,1,5,4,6,4,3,2,7,6,2,1,3,1,4,3,4,5,2,6,4,2,2,2,3,3,2,4,4,7,7,3,3,4,5,19775,7844,3,6,2,N,0,1,N,0,24,17,79,84,1,N,7,6,4,Y,25,N,25,31,22,21,42,N,1,7,1,1,U,1,1,1,1,1,1,1,1,1,1,E1,3,200,2,138,5,4,No - Married,25,Married Now,Single-Inf,2,3,3,2,4,4,7,4,7,5,,0,0,7,7,6,5,7,6,4,4,4,4,6,5,4,4,6,75,3,0,3,0,4,2,2,2,4,5,6,4,5,5,3,2,4,5,5,5,5,5,F3039_A1,6,7,6,4,30,16,4,6,1,1,4,4,4,2,1,2,6,5,1,1,1,3,6,4,7,5,7,7,7,6,2,4,3,3,7,5,1,2,4,4,271,117,3,4,N,63,3,6,6,5,3,1,5,4,,4,711,C013,71109C013,C,C,,022100,Caddo,7680,36,56,Female,Male-Inf,AA,AA,WL,F,00,Y,N,Y,N,N,N,N,N,N,N,N,N,N,N,N,Y,N,Y,N,N,HS Degree,0,0,100,0,3,7,838,7,N,4,5
362165629,3,,,,,,Dover,DE,19901,4758,,,,,,,,,,,,36,36,63,64,13,25,M,Multiple,H2,74,163,163,162,162,5,4,1,3,3,2,1,1,2,4,4,5,6,6,37,3,2,6,6,5,4,3,5,3,7,5,126,4,3,1,3,3,4,6,5,57,4,3,47,5,3,4,3,3,2,4,3,4,2,5,4,3,4,4,3,6,6,6,3,2,3,4,4,5,4,3,6,4,2,4,1,2,1,1,1,2,6,5,4,2,2,3,30747,7200,14,27,3,N,0,1,N,0,24,18,27,52,1,N,22,5,3,Y,27,N,0,7,8,9,73,N,3,7,1,2,U,1,2,1,2,1,1,1,2,1,2,E1,3,204,2,120,5,4,Yes,45,Single-Other,Single-Inf,1,3,4,3,5,4,6,5,6,5,,0,1,5,6,5,5,7,5,6,4,2,4,7,5,5,3,7,86,2,0,5,5,5,2,4,4,6,5,5,4,7,6,6,3,6,4,6,5,7,6,M3039_B2,7,7,5,5,34,14,5,4,1,1,3,2,3,2,1,1,4,2,1,2,2,3,5,3,7,4,7,7,7,7,1,3,1,1,7,7,1,3,1,3,421,103,1,2,N,41,2,3,6,6,2,2,5,4,,4,199,C020,19901C020,C,C,,041000,Kent,2190,38,52,Male,Female-Inf,Caucasian-Other,Caucasian-Other,T3,W,00,N,N,Y,N,N,N,N,N,N,N,N,N,N,N,N,N,N,Y,N,N,HS Degree,0,0,59,41,5,3,1304,5,N,2,5
376862185,1,,,,,,Independence,VA,24348,4924,,,,,,,,,,,,,,86,86,72,72,S,Single,H1,100,168,168,172,172,3,4,5,4,4,4,1,1,4,6,7,30,6,7,60,1,2,4,5,1,2,46,2,3,3,4,42,4,6,212,4,4,42,1,3,111,1,3,61,2,4,3,4,1,4,2,3,2,2,5,5,2,3,4,4,2,3,3,3,6,7,4,4,5,6,5,2,5,4,3,2,2,1,1,5,4,3,4,3,3,4,3,1101,995,18,18,2,N,0,3,N,0,17,17,90,90,2,N,0,4,6,N,50,N,0,57,34,34,30,N,1,7,2,3,U,1,1,1,1,1,1,1,1,1,1,E1,2,200,0,,2,,Yes,100,Single-Divorced,Single-Known,4,3,4,4,6,7,5,6,3,4,,0,0,4,3,3,3,4,4,5,6,4,3,3,5,3,5,6,100,3,0,4,0,1,2,4,4,2,2,4,4,3,4,1,3,3,5,3,5,7,7,F5059_B2,5,5,5,6,5,14,1,2,1,1,4,3,2,3,2,2,4,3,1,1,4,3,6,5,6,6,5,6,4,6,4,3,3,3,5,5,2,2,4,3,17,16,5,3,N,0,2,2,6,6,2,4,3,3,,2,243,R001,24348R001,R,R,014,990200,Grayson,0,53,42,Female,Male-Inf,Caucasian-Other,Caucasian-Other,N6,W,00,N,N,N,N,N,N,N,N,N,N,N,N,N,N,N,N,N,N,N,N,HS Degree,0,0,100,0,3,4,111,4,N,5,4
428017498,2,,,,,,S Charleston,WV,25309,1827,,,,,,,,,,,,52,48,148,139,116,93,S,Single,H1,92,141,141,155,155,3,3,2,3,3,3,1,2,1,2,1,1,5,2,133,3,2,4,3,4,4,1,6,4,6,5,149,5,3,203,7,6,3,4,2,229,6,3,133,6,3,5,3,5,3,6,4,1,4,2,4,7,3,2,3,6,4,1,3,3,3,5,5,6,4,6,6,3,6,4,4,5,1,3,4,5,5,4,4,4,5,6,35495,17477,25,42,5,N,0,1,N,0,29,35,141,135,3,N,31,4,3,N,0,N,0,80,53,54,30,N,3,6,1,4,U,1,1,1,1,1,1,1,1,1,1,UX,3,285,0,0,3,4,Yes,56,Single-Other,Single-Inf,1,4,4,4,4,4,2,4,4,3,,0,0,4,4,4,5,6,5,7,4,3,5,6,4,7,3,5,56,4,0,3,22,7,4,5,4,6,6,6,4,3,3,6,3,5,3,5,3,6,4,M1829_A1,4,3,5,5,78,49,5,4,1,2,2,4,4,4,1,4,3,4,1,1,1,4,4,4,3,3,5,4,5,4,2,4,4,5,4,4,2,3,4,6,486,254,1,3,N,11,5,4,5,4,5,3,6,3,,5,253,C026,25309C026,C,C,009,013100,Kanawha,1480,21,42,Male,Male-Inf,AA,Caucasian-Other,00,Z,00,N,N,N,N,N,N,N,N,N,N,N,N,N,N,N,N,N,N,N,N,HS Degree,11,22,33,33,6,6,1505,4,N,1,5
459967963,1,,,,,,Luverne,AL,36049,7239,,,,,,,,,,,,,,,,,,S,Single,R1,0,161,161,167,167,5,6,1,1,4,4,0,1,1,6,6,53,6,6,46,2,3,6,6,3,3,0,7,6,6,5,19,3,4,537,4,4,46,5,5,119,4,4,123,5,5,5,6,5,5,3,3,2,2,2,3,6,6,4,5,5,6,3,5,2,3,3,5,6,6,3,7,7,2,2,1,1,1,1,1,2,5,5,4,4,2,3,888,2997,19,19,4,N,0,1,N,0,22,22,19,19,2,N,0,4,4,Y,100,N,0,30,20,20,35,N,4,7,1,2,U,1,1,1,1,1,1,1,1,1,1,E1,1,100,2,200,3,3,Yes,100,Single-Other,Single-Inf,1,1,5,5,5,6,6,6,6,7,,0,0,4,5,4,3,7,6,5,5,2,3,7,7,6,5,7,100,2,0,4,0,3,3,5,5,6,5,6,6,7,7,4,3,7,6,7,7,7,6,M3039_B2,6,6,6,7,38,31,2,2,1,1,4,5,4,4,1,1,4,4,4,4,2,2,4,5,6,6,7,7,7,7,3,2,3,3,6,6,2,2,1,1,12,41,1,1,N,0,2,2,6,6,4,4,4,5,,3,360,R004,36049R004,R,R,049,963700,Crenshaw,0,36,35,Male,Male-Inf,Caucasian-Other,Caucasian-Other,T4,W,00,Y,N,N,N,Y,N,N,N,N,Y,N,N,N,N,N,Y,N,N,N,N,Bachelor Degree,100,0,0,0,5,5,38,4,N,1,7
475851228,1,,,,,,Baltimore,MD,21216,3701,,,,,,,,,,,,102,100,170,165,34,93,S,Single,R1,70,153,153,162,162,3,2,2,3,4,4,1,1,3,6,5,2,6,6,8,4,4,4,3,5,5,7,6,6,5,4,88,7,6,2,3,4,4,6,5,7,4,3,7,7,5,6,4,6,3,6,4,2,3,4,4,6,4,3,2,7,5,3,2,3,2,6,4,3,3,5,6,4,2,3,2,3,1,3,4,4,7,6,7,4,3,4,2233,16033,3,7,1,N,0,1,N,0,20,33,37,100,2,N,27,5,4,Y,48,Y,56,28,18,26,49,N,1,7,1,2,B,1,1,1,1,1,1,1,1,1,1,K4,1,162,1,156,2,3,Yes,24,Single-Other,Single-Inf,2,4,2,2,5,2,6,2,7,5,1,0,0,7,7,4,6,7,4,4,3,3,4,7,5,5,3,6,72,5,36,2,12,4,3,4,3,5,6,7,4,5,4,6,4,5,5,6,5,7,6,F1829_B2,6,6,7,4,19,25,1,5,1,1,1,3,2,3,1,3,1,4,2,1,1,4,4,3,5,4,7,7,7,5,2,4,3,3,7,6,5,3,2,4,35,248,2,4,N,56,1,5,7,4,4,2,5,4,,4,212,C025,21216C025,C,C,002,150300,Baltimore City,720,28,55,Female,Female-Inf,Asian-Other,AA,R9,O,00,N,N,N,Y,N,N,N,N,N,N,N,N,N,N,N,N,N,N,Y,N,HS Degree,20,0,68,12,3,5,224,5,N,1,7
485589808,2,,,,,,Smyrna,GA,30080,3023,,,,,,,,,,,,7,6,150,150,30,4,S,Single,R2,60,156,156,162,162,7,7,1,1,4,4,2,2,3,6,4,2,7,6,2,5,5,7,7,7,5,1,6,4,4,3,1,6,5,479,3,4,5,6,5,2,7,5,8,7,5,6,5,7,5,5,5,5,6,2,3,5,5,6,6,5,5,5,6,5,5,5,5,4,3,2,7,6,3,3,4,5,5,5,1,1,4,4,5,4,4,5,4445,33005,,,6,N,0,3,N,0,21,27,30,4,5,N,30,7,6,Y,22,N,11,61,36,37,45,Y,5,6,4,6,U,1,1,1,2,1,2,1,1,1,1,E1,1,160,1,100,2,4,No - Married,0,Married Now,Single-Known,1,2,4,4,3,3,5,4,3,4,,0,0,2,3,3,4,6,6,6,6,2,3,7,5,6,4,6,78,6,67,3,0,5,5,7,7,6,7,7,5,6,5,6,5,7,5,6,5,4,3,M3039_B1,3,3,6,6,80,56,4,3,1,1,4,5,6,5,1,3,3,4,6,3,3,4,7,6,5,4,5,5,6,7,1,2,6,7,4,5,2,2,1,2,70,454,2,4,N,33,2,3,5,4,5,4,6,5,,5,300,C021,30080C021,C,C,,,Cobb,520,31,44,Male,Male-Inf,Caucasian-Other,Caucasian-Other,N6,W,00,N,N,N,N,N,N,N,N,N,N,N,N,N,N,N,N,N,N,N,N,Bachelor Degree,44,33,22,0,5,6,446,7,N,4,7
491971044,2,,,,,,Frankfort,OH,45628,9016,,,,,,,,,,,,13,37,198,200,128,136,S,Single,H1,95,153,153,148,148,5,3,4,4,6,6,1,2,1,6,5,9,6,4,47,6,5,5,4,7,5,7,7,6,6,5,223,5,3,284,6,6,9,4,2,300,6,3,47,5,3,4,3,5,3,3,3,1,2,2,3,4,3,2,2,3,2,2,3,4,2,3,3,5,4,3,5,3,5,4,1,2,1,2,2,2,4,3,7,4,5,5,15103,10596,57,74,5,N,0,1,N,0,29,48,185,211,4,Y,52,6,4,Y,21,N,7,30,36,42,38,N,2,3,2,3,U,1,1,1,1,1,1,1,1,1,1,E1,3,186,1,158,4,4,Yes,29,Single-Other,Single-Inf,1,3,5,5,6,5,7,6,6,5,2,0,0,4,4,3,5,7,4,6,4,3,4,6,4,5,3,3,29,4,14,5,14,5,3,1,2,6,7,6,4,4,3,6,4,6,4,6,4,5,4,M1829_A2,5,4,6,3,60,51,2,4,1,1,1,4,4,4,1,3,2,5,1,1,2,4,3,4,2,3,3,3,5,4,1,4,6,4,3,3,4,3,1,4,207,182,1,3,N,21,1,3,6,4,5,3,4,3,,1,456,R003,45628R003,R,R,005,955800,Ross,0,28,51,Male,Male-Inf,Caucasian-Other,Caucasian-Other,T3,W,00,N,N,N,N,N,N,N,N,N,N,N,N,N,N,N,N,N,N,N,N,HS Degree,7,7,86,0,1,4,640,4,N,1,6
540323030,2,,,,,,Vineland,NJ,08360,5117,,,,,,,,,,,,,61,,,,,M,Multiple,R1,0,153,153,161,161,5,4,2,3,3,3,1,1,1,7,6,2,5,5,35,3,3,7,5,6,4,3,5,3,5,4,159,7,6,33,4,4,17,6,5,33,6,4,29,7,4,6,5,6,3,7,5,4,2,3,4,7,4,6,5,7,6,3,4,4,4,5,4,5,3,4,7,5,1,2,2,2,1,1,2,3,7,7,2,3,2,4,30815,12511,21,38,4,N,0,1,N,0,29,27,21,38,2,N,50,7,4,Y,78,N,0,10,12,13,50,N,4,7,1,2,C,4,2,6,5,4,4,4,4,7,6,S8,3,200,0,129,3,3,Yes,78,Single-Other,Single-Inf,1,2,6,5,4,5,4,4,7,7,,3,2,6,7,5,4,7,7,6,4,2,4,7,5,7,5,7,100,3,0,1,0,4,3,6,5,7,6,7,5,5,5,5,3,7,4,7,6,7,6,M3039_B2,7,7,7,6,31,9,2,1,1,1,1,2,3,3,1,1,1,2,1,1,1,2,4,4,7,5,7,6,7,6,1,2,2,2,6,5,1,3,1,2,422,225,1,2,N,22,1,2,6,6,5,3,7,5,,5,083,C017,08360C017,C,C,,040500,Cumberland,8760,32,41,Male,Female-Inf,Hispanic,Hispanic,T9,Y,HM,N,N,N,N,N,N,N,N,N,N,N,N,N,N,N,N,N,N,N,N,HS Degree,0,0,67,33,5,5,1307,4,N,2,5
547574187,1,,,,,,Mabscott,WV,25871,0616,,,,,,,,,,,,,,,,,,U,Unknown,R1,0,151,151,113,113,4,4,1,1,5,5,1,1,2,5,5,,6,6,,5,5,7,7,6,6,,5,5,4,4,,5,5,,3,3,,6,6,,3,3,,5,5,4,4,4,4,3,3,3,3,4,4,4,4,3,3,5,5,2,2,4,4,2,2,4,4,4,5,5,3,3,3,3,2,2,3,3,5,5,5,5,3,3,11218,11218,,,3,N,0,3,N,0,10,10,,,3,N,0,6,6,N,0,N,0,16,16,16,43,N,4,5,4,2,U,1,1,1,1,1,1,1,1,1,1,E1,1,100,1,,2,,Yes,100,Single-Other,Single-Known,1,1,3,3,7,7,4,4,3,3,,0,0,4,4,3,3,4,6,5,5,2,2,5,5,1,1,7,100,4,0,4,0,4,4,6,6,6,6,5,6,6,6,5,5,7,7,7,7,6,5,M4049_B2,7,7,5,5,36,36,5,5,1,1,5,5,2,2,1,1,3,3,2,2,2,2,3,3,6,6,7,7,7,7,1,1,4,4,5,5,2,2,2,2,177,177,2,2,N,0,3,3,5,5,2,2,4,4,,2,258,B009,25871B009,B,B,,000700,Raleigh,0,46,46,Male,Male-Known,Caucasian-Other,Caucasian-Other,T3,W,00,N,N,N,N,N,N,N,N,N,N,N,N,N,N,N,N,N,N,N,N,HS Degree,0,0,100,0,7,4,1126,6,N,2,4
55783172,2,,,,,,Mt Sterling,KY,40353,1586,,,,,,,,,,,,,11,118,187,52,65,S,Single,R1,25,159,159,159,159,4,5,4,3,1,2,1,1,3,4,3,29,3,4,25,1,2,4,5,4,5,1,4,5,2,3,144,5,6,324,2,4,28,3,3,201,1,2,31,2,2,3,3,1,2,3,3,1,2,6,4,2,3,5,3,2,4,6,4,4,4,3,3,7,7,5,2,4,2,3,2,2,1,2,3,2,5,6,2,3,4,5,9040,17207,14,17,1,N,0,2,N,0,12,43,66,81,1,Y,38,2,3,N,0,N,0,1,6,15,79,N,1,7,1,1,U,1,1,1,1,1,1,1,1,1,1,E1,1,125,0,100,1,2,No,38,Single-Divorced,Single-Known,7,4,4,5,6,6,4,5,4,4,1,0,0,7,6,6,5,3,2,1,3,6,5,3,4,2,3,6,100,2,0,6,25,1,2,1,2,2,2,3,4,2,5,1,3,2,5,1,4,7,6,F6069_B2,6,7,5,5,2,11,3,3,1,1,4,4,2,2,1,1,1,2,2,3,3,4,1,2,5,6,6,5,7,7,3,3,3,2,6,5,7,4,6,4,143,296,3,3,N,38,4,3,6,5,1,2,1,4,,2,403,R009,40353R009,R,R,,,Montgomery,0,63,62,Female,Male-Inf,Caucasian-Other,Caucasian-Other,N8,W,00,N,N,Y,N,N,N,N,Y,N,N,N,N,N,N,N,N,N,N,N,N,Less Than HS,0,0,50,50,2,2,908,6,N,2,1
56140554,2,,,,,,Wallins Creek,KY,40873,8850,,,,,,,,,,,,29,33,171,182,171,121,S,Single,H2,88,162,162,161,161,4,3,6,5,2,4,1,1,4,3,4,40,5,6,79,4,3,4,4,5,5,25,5,6,4,4,57,2,2,314,6,6,63,2,2,154,1,1,74,2,2,2,3,3,2,1,2,1,2,5,5,2,2,3,3,2,3,2,3,3,2,4,3,7,7,5,1,2,4,4,2,2,3,3,7,5,5,6,2,3,6,5,25706,16077,24,33,2,N,0,2,N,0,29,47,195,154,1,Y,29,2,2,N,0,N,0,19,28,29,61,N,1,6,2,1,B,6,2,5,2,5,2,6,2,3,1,S8,4,229,0,185,4,5,Yes,18,Single-Other,Single-Inf,7,4,5,5,5,6,7,6,7,5,2,2,0,6,5,6,5,3,4,1,4,6,4,3,3,2,3,4,73,2,0,4,9,2,2,1,2,3,3,4,3,4,5,1,2,3,5,4,4,6,6,F6069_B2,6,7,6,5,26,12,4,3,2,1,1,3,2,3,2,2,3,4,1,1,3,4,3,3,4,4,5,5,4,4,3,3,1,1,6,5,1,3,3,5,352,257,4,3,Y,64,4,4,5,5,2,1,4,4,,2,408,H065,40873H065,H,H,003,970700,Harlan,0,63,56,Female,Female-Inf,Hispanic,Caucasian-Other,T9,Y,HM,N,N,N,Y,N,N,N,N,N,N,N,N,N,Y,N,N,N,N,N,N,HS Degree,9,0,91,0,1,3,1090,3,N,2,1
567697055,1,,,,,,Champaign,IL,61821,5564,,,,,,,,,,,,,,150,150,30,43,M,Multiple,R1,0,144,144,154,154,7,6,1,3,2,2,1,1,1,6,6,3,4,5,80,5,5,5,5,4,4,1,6,6,6,5,245,6,5,561,3,3,3,4,4,287,7,6,93,5,4,6,6,5,4,5,5,6,4,1,2,7,7,6,5,7,6,7,6,3,4,6,6,5,4,7,7,6,2,2,2,3,4,4,1,1,7,6,4,5,3,3,35330,28708,53,99,5,N,0,1,N,0,28,26,83,142,4,N,20,6,6,Y,40,Y,40,6,12,15,16,N,5,6,4,2,U,1,1,1,1,1,1,1,1,1,1,E1,1,100,0,100,1,2,No,60,Single-Other,Single-Known,1,1,2,2,4,4,5,4,6,5,,0,0,5,6,3,3,7,6,6,5,2,2,7,6,4,4,7,100,4,0,3,0,6,5,4,4,6,7,5,6,6,6,7,6,7,6,6,6,7,6,M3039_A2,5,5,6,6,54,39,4,3,1,1,3,4,4,4,1,1,1,2,7,7,2,2,4,5,6,4,6,5,7,6,1,1,2,2,5,4,6,5,1,1,484,394,1,2,N,20,2,2,6,6,6,5,5,5,,4,618,C035,61821C035,C,C,001,001301,Champaign,1400,32,36,Male,Male-Inf,Caucasian-Other,Caucasian-Other,T3,W,00,N,N,Y,N,N,N,N,N,N,N,N,N,N,N,N,N,N,Y,N,N,Graduate Degree,20,40,40,0,7,6,1498,7,N,2,7
567921903,1,,,,,,Springfield,IL,62704,1591,,,,,,,,,,,,,,,,,,M,Multiple,R1,0,143,143,142,142,7,7,1,1,4,4,1,1,3,5,5,,6,6,,4,4,6,6,3,3,,7,7,3,3,,4,4,,2,2,,4,4,,7,7,,5,5,7,7,4,4,6,6,5,5,1,1,7,7,3,3,7,7,6,6,6,6,7,7,3,3,7,6,6,2,2,2,2,1,1,4,4,6,6,4,4,4,4,46528,46528,87,87,3,N,0,3,N,0,29,29,87,87,5,N,0,5,5,Y,100,N,0,54,35,35,34,N,3,7,4,4,U,1,1,1,1,1,1,1,1,1,1,E1,1,100,0,,1,,Yes,100,Single-Other,Single-Known,1,1,2,2,3,3,4,4,4,4,,0,0,6,6,3,3,7,7,4,4,3,3,6,6,4,4,7,100,5,0,1,0,6,6,7,7,5,6,7,5,4,4,4,4,4,4,6,6,5,4,F3039_B2,3,3,6,6,54,54,1,1,1,1,3,3,5,5,1,1,1,1,7,7,4,4,6,6,7,7,7,7,6,6,2,2,5,5,4,4,2,2,4,4,637,637,4,4,N,0,2,2,5,5,6,6,7,7,,5,627,C067,62704C067,C,C,,001004,Sangamon,7880,31,31,Female,Female-Known,Caucasian-Other,Caucasian-Other,T3,W,00,N,N,N,N,N,N,N,N,N,N,N,N,N,N,N,N,N,N,N,N,Bachelor Degree,100,0,0,0,6,5,1973,6,N,4,7
590545320,1,,,,,,Pascagoula,MS,39581,3940,,,,,,,,,,,,,,,,,,M,Multiple,R2,0,156,156,159,159,5,6,2,2,2,3,1,1,4,4,4,190,7,7,30,2,2,7,7,6,6,49,3,3,4,4,27,2,3,386,3,4,31,5,5,228,2,2,101,4,4,4,4,5,4,4,4,3,3,5,5,7,5,5,3,5,5,4,3,7,5,5,3,2,5,7,4,3,2,2,3,3,1,1,1,1,6,5,6,5,5,5,7846,6015,11,11,2,N,0,2,N,0,12,20,11,11,1,N,0,3,3,N,0,Y,100,2,4,5,46,N,1,7,1,1,U,4,2,6,4,5,3,5,4,1,1,UX,1,100,0,,1,,Yes,100,Single-Other,Single-Known,2,3,4,4,5,6,5,4,4,4,,1,1,7,6,4,4,6,6,4,4,4,4,6,6,3,4,6,67,3,0,4,0,3,3,5,5,4,4,5,5,6,7,3,4,4,6,6,6,7,7,,7,7,6,4,2,7,1,2,1,1,3,4,2,2,1,1,1,2,1,1,3,2,5,4,6,5,7,7,7,7,1,1,1,1,6,6,2,2,2,3,124,88,3,2,Y,67,1,3,6,5,3,2,5,5,,3,395,C011,39581C011,C,C,,042000,Jackson,920,,54,Female,Male-Inf,Hispanic,Hispanic,00,Z,00,N,N,N,N,N,N,N,N,N,N,N,N,N,N,N,N,N,N,N,N,HS Degree,0,0,100,0,4,4,788,5,N,2,3
590707871,1,,,,,,Medina,OH,44256,5529,,,,,,,,,,,,5,4,144,144,-23,-6,S,Single,H1,91,148,148,154,154,6,6,1,1,6,6,3,3,5,2,4,,4,4,,6,5,4,5,2,3,,3,3,6,6,,5,6,,4,4,,4,4,,4,4,,3,3,4,4,5,5,4,4,3,4,3,3,4,4,6,5,4,4,6,5,6,4,6,5,2,3,5,3,5,1,2,4,4,3,3,5,4,3,3,5,5,5,3,30214,23886,276,231,5,N,0,5,N,0,29,27,253,225,7,N,18,5,5,N,6,N,0,75,57,54,32,Y,4,3,6,5,U,1,1,1,1,1,1,1,1,1,1,E1,2,245,1,167,3,4,No - Married,6,Married Now,Married-Inf,1,2,5,6,4,5,5,6,3,4,,0,0,4,3,3,4,5,4,4,5,4,3,4,5,3,3,6,82,5,18,4,0,6,5,7,7,4,5,6,5,4,4,4,5,3,5,3,4,2,3,F4049_B2,4,3,5,5,32,46,2,4,1,1,6,6,6,5,6,5,7,7,1,1,5,4,7,6,3,3,4,4,5,5,4,3,7,7,4,4,2,2,6,4,414,329,5,3,Y,12,2,3,4,4,4,4,5,4,,5,442,R008,44256R008,R,R,,,Medina,1680,43,40,Female,Male-Inf,Caucasian-Other,Caucasian-Other,T4,W,00,N,N,N,N,N,N,N,N,N,N,N,N,N,N,N,N,N,N,N,N,Bachelor Degree,18,6,76,0,5,4,1281,7,N,7,4
640515300,1,,,,,,Mc Donald,PA,15057,1347,,,,,,,,,,,,77,76,,,,,S,Single,U,0,148,148,147,147,6,6,1,1,6,6,0,0,4,1,2,,6,7,,2,2,4,5,1,2,,5,6,1,2,,4,5,,4,4,,3,4,,4,5,,5,6,6,6,5,6,5,5,3,3,1,1,5,5,4,4,7,7,3,2,3,4,6,6,4,5,6,5,6,2,2,1,1,1,1,5,4,4,4,6,6,5,4,25046,25046,9,9,2,N,0,3,N,0,28,28,9,9,2,N,0,4,5,N,50,N,50,65,36,36,28,N,1,6,2,2,U,1,1,1,1,1,1,1,1,1,1,E1,2,200,0,,2,,No,50,Single-Other,Unknown,1,1,4,4,6,6,6,6,5,5,,0,0,6,5,4,4,7,6,5,6,3,2,6,7,4,5,6,100,4,0,1,0,4,6,7,7,5,6,7,6,5,6,4,5,4,6,6,7,5,4,F1829_B1,6,6,6,5,27,41,1,2,1,1,1,2,3,4,1,1,1,1,2,2,4,3,5,5,4,5,4,5,4,5,2,2,4,4,4,5,2,2,3,2,343,343,4,3,N,0,2,3,7,7,2,2,7,7,,1,150,C001,15057C001,C,C,,715700,Washington,6280,27,27,Female,Male-Inf,Caucasian-Other,Caucasian-Other,T6,W,00,N,N,N,N,N,N,N,N,N,N,N,N,N,N,N,N,N,N,N,N,HS Degree,0,0,100,0,4,5,1062,6,N,3,6
642987335,1,,,,,,Killeen,TX,76549,5105,,,,,,,,,,,,8,8,167,181,-11,63,S,Single,H1,62,151,151,142,142,6,6,1,1,5,5,2,2,5,5,5,1,4,5,33,6,5,7,7,4,5,90,4,5,6,6,570,4,5,25,4,5,6,6,5,39,5,5,47,4,4,4,5,6,5,5,5,4,4,4,3,5,5,3,4,5,5,3,4,5,5,5,4,4,4,1,7,6,2,3,4,3,4,3,3,3,5,5,4,4,2,2,25375,13538,21,24,5,N,10,5,N,0,29,38,10,87,4,N,24,7,5,N,25,N,44,48,27,34,39,Y,4,5,3,5,U,1,2,1,3,1,3,1,2,1,3,E1,1,119,1,125,2,3,No - Married,44,Married Now,Single-Inf,2,3,3,5,4,5,5,6,3,5,,0,1,4,5,4,4,5,5,7,6,1,3,5,5,1,4,5,75,6,50,2,13,5,5,6,6,5,6,6,5,6,5,6,5,5,5,6,5,2,3,,4,4,7,6,45,48,7,5,1,1,6,4,5,5,4,3,7,4,1,1,4,3,7,5,3,3,5,6,4,4,2,2,7,6,2,2,2,4,2,3,348,209,3,3,N,13,4,3,5,5,3,5,4,4,,3,765,R048,76549R048,R,R,,,Bell,3810,,37,Male,Male-Inf,AA,Hispanic,WL,F,00,N,N,N,N,N,N,N,N,N,N,N,N,N,N,N,N,N,N,N,N,HS Degree,0,6,88,6,7,6,1076,7,N,5,5
664484435,4,,,,,,Columbia,MO,65201,1004,,,,,,,,,,,,9,8,99,99,22,10,S,Single,U,67,155,155,172,172,6,4,1,2,7,6,3,2,4,7,4,5,3,2,88,5,5,5,4,5,4,5,4,3,5,3,310,3,3,456,5,4,3,4,2,114,4,4,92,4,3,4,3,6,4,4,3,7,6,3,2,4,3,5,5,3,3,3,5,5,3,4,4,3,2,1,6,4,1,4,4,5,5,5,3,5,4,3,4,4,3,5,888,3620,33,43,6,N,22,4,N,0,24,20,55,53,4,Y,67,7,5,N,0,N,0,93,53,52,21,Y,5,7,4,5,U,1,1,1,1,1,1,1,1,1,1,E1,4,267,1,178,5,5,No - Married,9,Married Now,Single-Inf,1,3,7,5,5,3,6,5,3,4,3,0,0,1,3,4,5,5,5,6,4,2,4,5,4,5,1,4,36,4,27,4,18,3,2,3,2,5,6,7,3,4,3,4,4,6,4,4,3,4,3,M4049_B1,2,2,5,4,36,52,4,3,1,2,6,5,4,5,1,5,6,6,4,2,3,5,6,6,3,2,4,4,4,3,3,3,6,5,6,3,4,3,2,4,12,53,2,4,N,18,4,4,5,3,3,2,3,3,,5,652,R032,65201R032,R,R,,,Boone,1740,41,49,Male,Male-Inf,Caucasian-Other,Caucasian-Other,U2,W,00,N,N,N,N,N,N,N,N,N,N,N,N,N,N,N,N,N,N,N,N,HS Degree,55,36,9,0,3,3,38,7,N,4,4
671032549,1,,,,,,Huntsville,TX,77320,3218,,,,,,,,,,,,,,89,89,20,20,U,Unknown,R2,0,138,138,163,163,4,4,3,3,2,2,1,1,3,4,4,1,3,3,37,2,2,6,6,4,4,2,3,3,4,4,438,2,2,39,3,3,28,5,5,46,2,2,39,4,4,4,4,4,4,3,3,1,1,3,3,7,7,2,2,6,6,2,2,3,3,5,5,5,5,6,5,5,2,2,3,3,1,1,4,4,7,7,2,2,3,3,13526,13526,9,9,2,N,0,2,N,0,8,8,29,29,1,N,0,3,3,Y,100,N,0,28,14,14,46,N,2,7,1,2,U,1,1,1,1,1,1,1,1,1,1,E1,1,100,0,,1,,No,0,Single-Other,Single-Known,4,4,1,1,1,1,2,2,4,4,,0,0,7,7,4,4,7,7,4,4,4,4,5,5,4,4,7,100,2,0,4,0,3,3,5,5,4,4,3,4,3,3,3,3,3,3,5,5,7,7,,7,7,5,5,26,26,3,3,1,1,3,3,3,3,1,1,3,3,3,3,4,4,4,4,4,4,7,7,7,7,3,3,3,3,5,5,4,4,3,3,214,214,4,4,N,0,4,4,7,7,2,2,5,5,,3,773,C012,77320C012,C,C,,790500,Walker,0,,,Female,Female-Known,AA,AA,T3,W,00,N,N,N,N,N,N,N,N,N,N,N,N,N,N,N,N,N,N,N,N,HS Degree,0,0,100,0,4,4,1358,6,N,2,4
673282931,1,,,,,,Homestead,FL,33032,7852,,,,,,,,,,,,,,,,,,M,Multiple,R2,0,171,171,161,161,6,6,1,1,3,3,1,1,5,7,6,,6,6,,4,4,6,6,3,3,,5,5,5,4,,3,4,,2,2,,6,6,,4,4,,6,5,6,5,6,5,6,5,4,3,1,2,6,5,6,5,6,6,6,5,4,5,6,4,4,4,6,7,6,1,2,1,1,1,1,1,1,7,6,3,2,2,3,888,5976,,,3,N,0,1,N,0,21,20,,,2,N,22,6,5,N,33,N,0,27,26,26,70,N,1,7,1,2,C,3,2,4,3,2,2,7,5,7,5,S8,1,144,2,167,3,3,No - Married,44,Married Now,Single-Inf,1,2,6,4,3,3,5,3,7,6,2,2,1,6,6,4,5,7,7,4,4,4,4,6,6,5,5,7,100,3,0,1,0,2,3,6,6,4,5,7,5,5,5,4,4,5,5,6,6,5,5,F3039_B2,7,7,6,5,27,36,2,4,1,1,3,3,4,3,1,1,5,4,1,2,1,3,6,4,4,5,7,7,7,7,2,2,1,1,6,6,2,2,1,2,14,90,3,4,N,56,1,3,6,6,6,4,5,5,,2,330,C061,33032C061,C,C,,,Miami-Dade,5000,35,46,Female,Female-Inf,Hispanic,Hispanic,T9,Y,HP,N,Y,Y,N,N,N,N,N,N,N,N,N,N,N,N,N,Y,Y,N,N,HS Degree,0,0,100,0,3,5,89,7,N,4,6
675171846,1,,,,,,Eastport,ME,04631,3841,,,,,,,,,,,,,,,,,,S,Single,U,0,176,176,187,187,4,5,1,1,5,5,0,1,1,7,6,,6,6,,4,4,6,5,5,4,,7,6,6,5,,3,3,,2,2,,5,4,,4,4,,7,6,6,6,6,5,5,4,3,3,3,3,6,5,5,5,5,6,3,5,6,7,5,6,7,6,4,7,7,6,6,2,3,1,1,2,3,3,4,6,6,2,4,25577,25577,11,11,4,N,0,2,N,0,29,29,11,11,2,N,0,6,5,N,0,N,0,57,33,33,34,N,4,6,2,3,U,1,1,1,1,1,1,1,1,1,1,E1,1,100,2,150,3,3,Yes,100,Single-Other,Single-Known,1,1,4,4,6,6,6,5,6,6,,0,0,5,6,2,2,6,6,6,5,2,3,7,6,5,4,7,100,3,0,3,0,6,5,7,7,6,5,6,6,6,6,6,5,7,6,6,6,7,6,M3039_A2,5,5,6,7,56,34,3,2,1,1,5,5,3,4,1,1,4,4,2,3,1,2,4,5,6,6,7,7,7,7,1,2,2,2,6,6,2,4,1,2,350,350,1,2,N,0,2,2,6,6,4,4,6,6,,1,046,R001,04631R001,R,R,,955700,Washington,0,37,38,Male,Male-Inf,Other,Caucasian-Other,XX,Z,00,Y,N,N,Y,N,N,N,N,N,N,N,N,N,N,N,Y,N,N,Y,N,HS Degree,50,0,50,0,6,4,1084,4,N,2,6
676639725,2,,,,,,Columbus,MS,39702,8181,,,,,,,,,,,,16,15,,,,,S,Single,U,0,155,155,162,162,4,4,2,2,6,5,3,3,6,6,5,48,5,6,87,2,2,2,2,4,5,9,6,5,5,5,45,2,3,465,5,6,49,1,1,85,4,3,92,4,3,4,3,4,3,2,2,3,3,4,5,3,3,3,2,3,3,3,2,2,3,6,5,4,5,4,2,3,3,4,2,3,4,4,4,5,4,4,4,3,3,4,888,888,25,25,3,N,0,4,N,0,24,24,25,25,4,N,0,3,2,N,0,N,0,61,34,34,33,N,2,6,3,2,U,1,1,1,1,1,1,1,1,1,1,E1,3,300,2,200,5,5,No - Married,0,Married Now,Married-Known,1,4,7,6,7,7,7,5,6,5,3,0,0,4,3,5,6,4,4,4,4,4,5,3,2,1,2,5,50,2,0,3,0,3,3,4,4,2,4,5,2,4,4,2,3,3,4,2,3,3,3,F4049_A2,3,5,7,6,10,15,2,4,1,1,6,5,4,3,1,1,3,3,3,4,4,5,6,5,5,4,7,7,6,6,3,5,4,4,5,4,1,1,3,4,12,12,5,5,Y,50,2,4,6,4,2,2,4,3,,1,397,R004,39702R004,R,R,,000404,Lowndes,0,47,49,Female,Female-Inf,Caucasian-Other,Caucasian-Other,T6,W,00,N,N,N,Y,Y,N,N,N,Y,N,N,N,N,Y,N,N,N,N,N,Y,Less Than HS,0,0,0,100,5,5,38,3,N,5,5
689660799,1,,,,,,Indiana,PA,15701,2462,,,,,,,,,,,,,45,151,151,30,34,M,Multiple,R2,22,147,147,139,139,7,6,3,3,4,3,1,1,3,5,6,1,6,6,41,1,1,4,4,2,3,25,6,6,6,6,188,4,4,119,4,4,30,6,5,155,4,5,40,4,4,6,5,5,5,6,5,2,3,1,2,6,5,2,2,7,5,3,3,3,3,7,5,5,6,5,5,5,4,3,1,1,1,1,3,3,7,6,4,4,2,3,4414,5619,15,15,3,N,0,1,N,0,21,25,45,50,1,N,22,3,4,Y,67,Y,56,17,13,14,50,N,1,7,1,1,U,1,1,1,1,1,1,1,1,1,1,UX,1,100,1,100,2,2,No,11,Single-Other,Single-Inf,1,2,3,3,2,5,4,5,6,5,,0,0,6,4,4,4,7,7,4,5,3,3,6,6,4,4,6,100,2,0,1,0,3,4,5,5,5,7,7,5,4,4,4,4,4,5,7,6,6,6,F1829_A2,7,6,6,5,26,27,2,2,1,1,1,2,3,3,1,1,1,2,3,4,1,2,4,3,4,5,6,6,7,6,1,2,1,1,4,4,2,3,2,2,70,90,2,2,Y,11,3,3,7,6,2,2,7,4,,4,157,C015,15701C015,C,C,,960700,Indiana,0,21,35,Female,Male-Inf,AA,Caucasian-Other,00,Z,00,N,N,N,N,N,N,N,N,N,N,N,N,N,N,N,N,N,N,N,N,Less Than HS,0,0,78,22,5,7,443,7,N,2,6
695276949,1,,,,,,Saint Louis,MO,63112,1739,,,,,,,,,,,,,,,,,,M,Multiple,R2,0,156,156,169,169,7,6,2,2,3,2,1,0,4,1,2,1,5,4,10,4,4,4,4,6,5,4,4,5,6,6,212,5,4,516,4,3,3,6,5,220,6,5,4,5,6,7,6,6,6,6,6,2,4,1,1,7,6,3,5,7,7,6,6,7,6,7,6,2,3,7,6,6,1,2,1,1,4,4,1,2,7,6,7,5,4,4,34860,28875,128,107,3,N,0,1,N,0,26,39,128,107,3,N,0,6,6,Y,60,N,20,46,35,37,33,N,2,7,1,4,U,1,1,1,1,1,1,1,1,1,1,E1,1,100,0,0,1,1,Yes,60,Single-Other,Single-Known,1,1,2,2,1,2,1,2,6,5,,0,0,6,5,4,3,7,7,5,6,3,2,7,7,4,4,7,100,5,20,1,0,7,6,7,7,5,6,7,5,6,6,6,6,5,6,7,7,5,5,F1829_B1,4,4,6,6,52,53,2,2,1,1,2,3,4,4,1,1,2,3,6,6,1,2,6,6,6,6,7,7,6,6,1,2,2,2,6,6,2,3,1,3,478,425,2,3,N,20,1,2,7,6,6,5,7,7,,4,631,C011,63112C011,C,C,006,112100,Saint Louis City,7040,25,34,Female,Female-Inf,AA,AA,M0,F,00,N,N,N,N,N,N,N,N,N,N,N,N,N,N,N,N,N,N,N,N,Bachelor Degree,60,40,0,0,6,7,1478,7,N,2,7
696220912,2,,,,,,Dallas,TX,75228,1851,,,,,,,,,,,,,,,,,,M,Multiple,R2,0,164,164,175,175,4,3,1,2,2,2,1,1,3,5,5,1,5,5,8,4,4,7,7,6,6,3,3,4,3,3,520,4,4,2,4,3,2,5,5,5,7,6,7,7,6,7,6,4,4,7,5,2,3,2,3,7,7,5,4,7,7,5,4,5,5,6,5,3,3,7,6,6,2,3,1,1,2,2,2,3,7,7,6,5,2,3,3381,4790,3,6,3,N,0,1,N,0,17,17,3,6,1,N,0,3,4,Y,63,Y,63,17,12,12,46,N,1,7,1,1,D,1,2,7,7,2,2,7,7,7,7,S8,3,175,1,,4,,No,0,Single-Other,Single-Known,1,2,6,5,5,4,5,4,7,6,,1,1,7,7,3,4,7,7,5,5,3,3,7,6,5,4,7,100,5,75,1,0,3,4,6,6,5,7,6,5,6,6,4,4,4,5,7,7,6,6,F1829_B2,6,6,5,4,7,17,1,1,1,1,1,1,3,2,1,1,1,1,1,1,1,2,4,3,4,6,6,7,6,7,1,2,2,2,6,7,4,4,2,3,53,75,2,2,N,25,1,2,7,6,6,5,5,6,,2,752,C037,75228C037,C,C,,012601,Dallas,1920,21,39,Female,Female-Inf,Hispanic,Hispanic,T9,Y,HM,N,N,N,N,N,N,N,N,N,N,N,N,N,N,N,N,N,N,N,N,Less Than HS,0,0,38,63,6,7,339,6,N,1,3
696587938,1,,,,,,Houston,TX,77044,1578,,,,,,,,,,,,8,8,,,,,U,Single,R2,0,152,152,121,121,5,5,1,1,6,5,1,1,1,6,5,9,6,5,11,4,3,7,7,5,5,5,7,6,6,5,422,5,4,12,5,5,7,6,6,12,6,5,14,7,6,6,6,5,5,6,5,3,5,2,3,6,5,3,4,7,6,2,4,4,5,5,5,6,5,4,7,6,2,2,1,1,1,1,1,1,7,7,4,5,2,4,4506,5116,3,7,6,N,0,1,N,0,17,28,3,7,3,N,13,5,5,Y,43,Y,57,12,7,10,65,N,4,7,1,4,C,3,3,7,5,1,2,7,7,4,4,S8,1,100,0,,1,,No,43,Single-Other,Single-Known,1,1,5,5,4,4,6,6,7,6,,2,2,6,6,4,4,7,7,6,6,1,2,7,7,7,5,6,100,5,29,1,0,5,4,6,6,6,6,7,6,6,6,4,4,7,6,7,7,7,6,M1829_B2,6,5,6,6,45,35,2,2,1,1,2,3,3,3,1,1,1,1,1,2,1,2,5,5,4,5,6,6,7,7,1,1,1,1,4,5,2,2,2,2,71,101,1,2,N,14,2,2,6,6,6,5,6,5,,1,770,R151,77044R151,R,R,,,Harris,3360,20,30,Male,Male-Inf,Hispanic,Hispanic,T9,Y,00,N,N,N,N,N,N,N,N,N,N,N,N,N,N,N,N,N,N,N,N,HS Degree,0,14,57,29,6,7,452,7,N,1,6
704061456,1,,,,,,Battle Creek,MI,49015,2118,,,,,,,,,,,,87,83,183,185,37,80,S,Single,U,42,161,161,147,147,7,6,2,2,5,5,1,1,2,6,5,1,6,5,23,4,3,6,5,5,5,39,7,6,6,5,409,5,3,447,4,4,4,6,5,440,6,4,23,4,4,5,5,4,4,3,3,1,4,3,4,6,5,3,3,6,5,3,4,4,5,5,5,7,6,5,7,6,2,2,1,2,1,2,2,2,7,6,4,4,3,4,40228,19877,17,27,5,N,0,1,N,0,29,48,54,107,2,N,0,4,4,Y,29,Y,12,9,14,23,62,N,3,6,2,1,U,1,1,1,1,1,1,1,1,1,1,E1,1,117,1,189,2,3,Yes,35,Single-Other,Single-Inf,1,2,4,4,6,5,5,5,6,5,3,0,0,5,6,2,2,7,6,6,5,3,4,7,5,6,4,4,88,4,18,4,0,6,4,3,5,6,7,6,5,7,6,6,4,7,6,6,5,7,6,M1829_B2,6,6,6,6,39,31,3,2,1,1,3,4,3,4,1,1,1,3,1,2,2,3,4,5,3,5,6,6,6,7,1,2,3,3,5,6,2,2,1,2,551,318,1,2,N,18,1,2,7,6,4,3,6,5,,3,490,C025,49015C025,C,C,,000500,Calhoun,3720,22,38,Male,Male-Inf,Caucasian-Other,Caucasian-Other,T5,W,00,N,N,N,N,N,N,N,N,N,N,N,N,N,N,N,N,N,N,N,N,HS Degree,0,6,94,0,6,6,1706,5,N,1,5
705047547,1,,,,,,Lamesa,TX,79331,3406,,,,,,,,,,,,72,73,87,87,20,42,U,Single,H1,60,150,150,151,151,2,2,3,4,4,4,1,1,2,6,5,188,6,6,57,3,2,7,6,6,5,248,2,3,7,6,822,3,2,264,5,5,53,5,4,54,2,2,266,3,3,4,3,3,3,5,5,3,2,5,5,7,5,4,6,5,4,2,4,3,3,5,4,7,5,3,6,4,4,3,1,2,3,2,1,2,7,7,2,2,3,4,9017,6087,4,11,3,N,0,2,N,0,10,15,24,53,1,N,20,5,4,N,60,N,0,2,3,5,26,N,4,7,1,2,C,5,4,2,2,2,2,3,5,2,1,S8,1,140,0,100,1,2,Yes,60,Single-Other,Single-Inf,1,2,7,7,7,7,7,6,5,6,,2,1,6,6,6,5,5,4,6,4,2,3,5,5,4,4,7,100,1,0,3,0,3,2,2,2,6,5,4,4,3,3,4,2,6,4,5,5,6,6,,7,7,7,6,4,3,2,2,1,1,1,2,3,2,1,1,1,1,1,1,3,1,2,3,7,6,7,7,7,7,1,2,1,1,6,6,4,5,1,3,142,96,1,2,N,60,3,4,6,6,1,1,6,5,,2,793,C004,79331C004,C,C,,950402,Dawson,0,,49,Male,Female-Inf,Hispanic,Hispanic,T9,Y,HM,N,N,N,N,N,N,N,N,N,N,N,N,N,N,N,N,N,N,N,N,Less Than HS,0,0,40,60,5,5,905,3,N,1,5
705899099,1,,,,,,Elma,WA,98541,9449,,,,,,,,,,,,,,,,,,M,Multiple,R2,0,170,170,171,171,6,5,4,5,4,4,1,1,2,5,4,789,6,5,22,2,2,7,6,6,5,20,6,5,1,1,1967,4,3,19,2,3,550,5,3,81,4,3,21,5,4,6,4,4,2,4,3,1,1,1,3,7,4,3,3,5,4,3,4,7,6,6,5,3,4,7,5,4,4,4,1,2,1,1,2,3,4,4,7,4,3,4,4400,8844,21,21,2,N,0,1,N,0,16,30,21,21,1,N,14,3,3,Y,14,N,0,28,18,22,54,N,1,7,1,1,U,1,1,1,1,1,1,1,1,1,1,E1,1,100,0,100,1,2,Yes,14,Single-Other,Single-Inf,1,3,2,3,6,6,7,6,6,5,,0,0,7,7,4,4,7,3,4,4,3,4,7,5,5,3,7,100,2,0,2,0,4,3,4,4,5,7,7,4,5,5,3,3,4,4,7,5,7,7,F1829_B2,7,7,6,4,20,17,1,2,1,1,1,3,2,2,1,1,1,2,1,2,2,3,4,3,6,5,7,6,7,6,1,3,1,1,7,6,2,3,1,3,70,191,1,2,N,14,1,3,6,5,3,2,7,4,,4,985,R008,98541R008,R,R,,000500,Grays Harbor,0,22,47,Female,Female-Inf,Caucasian-Other,Caucasian-Other,T3,W,00,N,N,N,N,N,N,N,N,N,N,N,N,N,N,N,N,N,N,N,N,HS Degree,0,0,100,0,3,7,442,6,N,1,5
708077711,1,,,,,,Goldendale,WA,98620,0517,,,,,,,,,,,,,,,,,,U,Unknown,U,0,165,165,182,182,5,5,3,4,3,4,1,2,4,5,5,,6,6,,5,5,6,7,4,4,,5,5,5,5,,5,5,,3,3,,4,5,,5,5,,6,6,6,5,4,5,6,5,3,4,3,3,5,4,7,6,7,6,6,5,5,5,5,4,2,3,6,6,6,2,3,4,5,3,4,5,4,4,4,5,4,4,4,1100,1100,,,4,N,0,1,N,0,21,21,,,2,N,0,5,6,N,0,N,0,,,,,N,3,6,3,4,U,1,1,1,1,1,1,1,1,1,1,E1,2,200,0,,2,,Yes,50,Single-Other,Single-Known,1,1,4,4,5,6,5,5,3,3,,0,0,6,4,4,4,6,6,4,5,3,3,6,6,4,3,6,100,4,0,2,0,2,2,4,4,5,7,7,5,5,6,4,5,4,5,7,6,3,3,F3039_B1,5,5,6,6,30,34,2,4,1,1,2,4,4,4,1,1,1,4,3,3,4,4,5,5,4,4,5,5,6,6,2,3,5,5,2,2,2,2,1,1,17,17,4,4,N,0,2,3,5,5,5,4,5,4,,3,986,B007,98620B007,B,B,,950100,Klickitat,0,31,38,Female,Male-Inf,Caucasian-Other,Caucasian-Other,T4,W,00,N,N,N,N,N,N,N,N,N,N,N,N,N,N,N,N,N,N,N,N,HS Degree,0,0,100,0,3,5,110,6,N,4,6
81235126,2,,,,,,Mount Carmel,IL,62863,1358,,,,,,,,,,,,,,75,75,31,49,S,Single,H1,71,141,141,115,115,1,2,3,3,5,3,1,1,1,6,4,31,6,5,115,2,2,6,4,6,5,11,2,2,6,6,126,3,3,529,4,4,34,4,2,168,1,2,117,3,3,4,3,4,3,2,2,4,4,5,4,2,3,4,3,2,3,3,2,2,3,1,2,4,4,3,4,4,5,4,4,4,2,1,2,5,4,3,4,3,3,5,1103,6983,19,33,3,N,0,2,N,0,15,11,50,82,2,N,14,6,4,N,17,N,0,46,28,30,17,N,3,6,1,2,U,1,1,1,1,1,1,1,1,1,1,E1,1,186,0,0,1,1,No,17,Single-Other,Single-Inf,1,4,4,3,7,6,4,4,4,3,,0,0,3,4,4,6,4,4,5,3,2,5,5,3,1,3,6,50,4,0,5,33,2,2,1,1,5,5,4,4,5,4,3,2,7,6,3,4,5,4,M4049_A2,4,4,5,3,26,36,3,3,1,1,5,3,4,2,2,2,4,4,1,1,2,4,3,2,4,4,4,4,4,4,4,4,4,4,5,5,4,4,3,5,17,110,1,3,N,0,3,5,6,4,3,2,3,3,,1,628,C004,62863C004,C,C,,957300,Wabash,0,45,57,Male,Male-Inf,Caucasian-Other,Caucasian-Other,N6,W,00,N,N,N,N,N,N,N,N,N,N,N,N,N,N,N,N,N,N,N,N,HS Degree,0,0,100,0,3,3,111,5,N,2,4
83649741,3,,,,,,Edgar Springs,MO,65462,8284,,,,,,,,,,,,16,15,187,187,47,157,S,Single,H2,100,155,155,160,160,2,1,5,5,4,3,2,2,4,4,4,17,3,3,96,2,2,5,4,3,3,19,4,4,6,4,258,2,2,407,7,7,65,1,1,160,2,1,97,2,2,3,1,1,1,1,1,2,3,5,5,1,1,3,1,2,1,4,3,4,2,5,2,7,6,1,4,1,5,7,2,3,2,4,5,7,4,1,3,1,4,6,15001,888,33,33,1,N,0,3,N,0,29,29,80,190,2,Y,100,3,1,N,0,N,0,53,35,42,33,N,1,5,2,3,U,1,1,1,1,1,1,1,1,1,1,E1,1,167,0,,1,,Yes,0,Single-Divorced,Married-Inf,1,7,7,6,7,4,7,6,3,2,,0,0,5,3,4,7,6,2,4,1,4,7,4,1,1,1,5,0,2,0,7,100,3,1,1,1,3,2,1,1,4,2,4,1,3,1,1,1,5,5,,5,3,6,3,3,24,1,3,1,1,5,2,3,1,2,4,2,2,1,1,4,6,2,1,4,2,4,3,4,3,5,7,3,3,3,2,6,6,4,7,206,12,3,5,N,0,3,7,5,2,3,1,4,1,,3,654,H002,65462H002,H,H,,890600,Phelps,0,,81,Female,Female-Known,Caucasian-Other,Caucasian-Other,T3,W,00,N,N,N,N,N,N,N,N,N,N,N,N,N,N,N,N,N,N,N,N,Less Than HS,0,0,0,100,2,2,636,3,N,2,4
